<?xml version="1.0" encoding="UTF-8"?>
<!DOCTYPE suite SYSTEM "http://testng.org/testng-1.0.dtd">
<suite name="Suite">


<listeners>
      <listener class-name="org.uncommons.reportng.HTMLReporter"/>
      <listener class-name="com.automation.framework.Automation_Framework_example.ListenersCheck"/>
  </listeners>
  
  <test name="Test">
    <classes>
      <class name="com.automation.framework.Automation_Framework_example.TestCases"/>
    </classes>
  </test> <!-- Test -->
</suite> <!-- Suite -->
